<EXERCISES>
<ROUTINE>
  <Name>5 Burpees</Name>
  <URL>http://youtu.be/c_Dq_NCzj8M?t=3s</URL>
  <Location>A</Location>
  <Minutes>1</Minutes>
  <BodyPart>A</BodyPart>
  <Skip>burpee</Skip>
</ROUTINE>
<ROUTINE>
  <Name>10 Burpees</Name>
  <URL>http://youtu.be/c_Dq_NCzj8M?t=3s</URL>
  <Location>A</Location>
  <Minutes>1</Minutes>
  <BodyPart>A</BodyPart>
  <Skip>burpee</Skip>
</ROUTINE>
<ROUTINE>
  <Name>20 Burpees</Name>
  <URL>http://youtu.be/c_Dq_NCzj8M?t=3s</URL>
  <Location>A</Location>
  <Minutes>3</Minutes>
  <BodyPart>A</BodyPart>
  <Skip>burpee</Skip>
</ROUTINE>
<ROUTINE>
  <Name>20 Walking Lunges</Name>
  <URL>http://www.youtube.com/watch?v=L8fvypPrzzs</URL>
  <Location>A</Location>
  <Minutes>1.5</Minutes>
  <BodyPart>L</BodyPart>
  <Skip></Skip>
</ROUTINE>
<ROUTINE>
  <Name>Mountain Climbers (1 min)</Name>
  <URL>http://www.youtube.com/watch?v=DHjdc2QVRUQ&amp;t=26s</URL>
  <Location>A</Location>
  <Minutes>1</Minutes>
  <BodyPart>A</BodyPart>
  <Skip>shoulder</Skip>
</ROUTINE>
<ROUTINE>
  <Name>20 Squat Thrusts</Name>
  <URL>http://www.youtube.com/watch?v=9LS3PunC_aE&amp;t=49s</URL>
  <Location>A</Location>
  <Minutes>1</Minutes>
  <BodyPart>A</BodyPart>
  <Skip></Skip>
</ROUTINE>
<ROUTINE>
  <Name>15 Jump Squats</Name>
  <URL>http://youtu.be/kxmVHBqa1gg?t=5s</URL>
  <Location>A</Location>
  <Minutes>1</Minutes>
  <BodyPart>A</BodyPart>
  <Skip></Skip>
</ROUTINE>
<ROUTINE>
  <Name>60 Jumping Jacks</Name>
  <URL>http://www.youtube.com/watch?v=Yvm1puaaikM&amp;t=20s</URL>
  <Location>A</Location>
  <Minutes>1</Minutes>
  <BodyPart>A</BodyPart>
  <Skip></Skip>
</ROUTINE>
<ROUTINE>
  <Name>20 Jumping Scissor Lunges (10 pairs)</Name>
  <URL>http://www.youtube.com/watch?v=_zLTDUFjbXA</URL>
  <Location>A</Location>
  <Minutes>1</Minutes>
  <BodyPart>L</BodyPart>
  <Skip></Skip>
</ROUTINE>
<ROUTINE>
  <Name>20 Spiderman Climb</Name>
  <URL>http://www.youtube.com/watch?v=BrgaggIX5ps</URL>
  <Location>A</Location>
  <Minutes>1</Minutes>
  <BodyPart></BodyPart>
  <Skip>shoulder</Skip>
</ROUTINE>
<ROUTINE>
  <Name>Wall Squat (1 min)</Name>
  <URL>http://www.youtube.com/watch?v=EIK8PXNRBjY</URL>
  <Location>H</Location>
  <Minutes>1</Minutes>
  <BodyPart>L</BodyPart>
  <Skip></Skip>
</ROUTINE>
<ROUTINE>
  <Name>Plank (1 min)</Name>
  <URL>http://healthyisnthard.com/wp-content/uploads/2012/05/plank-extended.jpg</URL>
  <Location>A</Location>
  <Minutes>1</Minutes>
  <BodyPart>A</BodyPart>
  <Skip>shoulder</Skip>
</ROUTINE>
<ROUTINE>
  <Name>Plank (2 min)</Name>
  <URL>http://healthyisnthard.com/wp-content/uploads/2012/05/plank-extended.jpg</URL>
  <Location>A</Location>
  <Minutes>2</Minutes>
  <BodyPart>A</BodyPart>
  <Skip>shoulder</Skip>
</ROUTINE>
<ROUTINE>
  <Name>Plank (3 min)</Name>
  <URL>http://healthyisnthard.com/wp-content/uploads/2012/05/plank-extended.jpg</URL>
  <Location>A</Location>
  <Minutes>3</Minutes>
  <BodyPart>A</BodyPart>
  <Skip>shoulder</Skip>
</ROUTINE>
<ROUTINE>
  <Name>50 High Knees  (running in place)</Name>
  <URL>http://www.youtube.com/watch?v=ZZZoCNMU48U&amp;t=3s</URL>
  <Location>A</Location>
  <Minutes>1</Minutes>
  <BodyPart>L</BodyPart>
  <Skip></Skip>
</ROUTINE>
<ROUTINE>
  <Name>25 Prisoner Squats</Name>
  <URL>http://www.youtube.com/watch?v=CThBYWS5IWc&amp;t=33s</URL>
  <Location>A</Location>
  <Minutes>1</Minutes>
  <BodyPart>L</BodyPart>
  <Skip></Skip>
</ROUTINE>
<ROUTINE>
  <Name>Core: 20 Bicycles (Elbow To Knee Crunches)</Name>
  <URL>http://www.youtube.com/watch?v=MpaEmYFO04A</URL>
  <Location>A</Location>
  <Minutes>1</Minutes>
  <BodyPart>A</BodyPart>
  <Skip>core</Skip>
</ROUTINE>
<ROUTINE>
  <Name>Core: 10 pair:  Windshield Wipers</Name>
  <URL>http://youtu.be/X59_4RrU_aA?t=37s</URL>
  <Location>A</Location>
  <Minutes>1</Minutes>
  <BodyPart>A</BodyPart>
  <Skip>core</Skip>
</ROUTINE>
<ROUTINE>
  <Name>Core: 20 Leg Raises</Name>
  <URL>http://www.youtube.com/watch?v=gMo97vRBg5A</URL>
  <Location>A</Location>
  <Minutes>1</Minutes>
  <BodyPart>A</BodyPart>
  <Skip>core</Skip>
</ROUTINE>
<ROUTINE>
  <Name>Core: 20 Corkscrews</Name>
  <URL>http://www.youtube.com/watch?v=_zD3xN9G6Cg&amp;t=30s</URL>
  <Location>A</Location>
  <Minutes>1</Minutes>
  <BodyPart>A</BodyPart>
  <Skip>core</Skip>
</ROUTINE>
<ROUTINE>
  <Name>Core: Reverse Plank (1 min)</Name>
  <URL>http://yoga.prevention.com/slideshows/uploads/1/ReversePlank15.JPG</URL>
  <Location>A</Location>
  <Minutes>1</Minutes>
  <BodyPart>A</BodyPart>
  <Skip>core</Skip>
</ROUTINE>
<ROUTINE>
  <Name>10 Walk Sideways Pushups</Name>
  <URL>http://www.youtube.com/watch?v=e0mrIM9sUqA</URL>
  <Location>A</Location>
  <Minutes>2</Minutes>
  <BodyPart>U</BodyPart>
  <Skip>pushup</Skip>
</ROUTINE>
<ROUTINE>
  <Name>12 Pushups (with each knee to chest)</Name>
  <URL></URL>
  <Location>A</Location>
  <Minutes>1</Minutes>
  <BodyPart>U</BodyPart>
  <Skip>pushup</Skip>
</ROUTINE>
<ROUTINE>
  <Name>Pushups To Failure (No resting/pausing at top)</Name>
  <URL></URL>
  <Location>A</Location>
  <Minutes>2</Minutes>
  <BodyPart>U</BodyPart>
  <Skip>pushup</Skip>
</ROUTINE>
<ROUTINE>
  <Name>10 Spiderman Pushups </Name>
  <URL>http://www.youtube.com/watch?v=9dIHmP3dXqs&amp;t=40s</URL>
  <Location>A</Location>
  <Minutes>2</Minutes>
  <BodyPart>U</BodyPart>
  <Skip>pushup</Skip>
</ROUTINE>
<ROUTINE>
  <Name>20 Pushups</Name>
  <URL></URL>
  <Location>A</Location>
  <Minutes>1</Minutes>
  <BodyPart>U</BodyPart>
  <Skip>pushup</Skip>
</ROUTINE>
<ROUTINE>
  <Name>10 Pairs Pushups (with reaching side plank)</Name>
  <URL>http://youtu.be/XHndMZ1Cscw?t=9s</URL>
  <Location>A</Location>
  <Minutes>3</Minutes>
  <BodyPart>U</BodyPart>
  <Skip>pushup</Skip>
</ROUTINE>
<ROUTINE>
  <Name>20 Pushups (1 leg raised - 10 on each leg)</Name>
  <URL>http://sexy.top.me/wp-content/uploads/2014/12/Alternating-Hand-and-Single-Leg-Push-Up.jpg</URL>
  <Location>A</Location>
  <Minutes>1</Minutes>
  <BodyPart>U</BodyPart>
  <Skip>pushup</Skip>
</ROUTINE>
<ROUTINE>
  <Name>Bear Crawl (50 yards)</Name>
  <URL>http://www.youtube.com/watch?v=PQow3i9Tkrw</URL>
  <Location>O</Location>
  <Minutes>4</Minutes>
  <BodyPart>A</BodyPart>
  <Skip></Skip>
</ROUTINE>
<ROUTINE>
  <Name>Bear Crawl Backwards (50 yards)</Name>
  <URL>http://www.youtube.com/watch?v=PQow3i9Tkrw</URL>
  <Location>O</Location>
  <Minutes>4</Minutes>
  <BodyPart>A</BodyPart>
  <Skip></Skip>
</ROUTINE>
<ROUTINE>
  <Name>Sprint 30 seconds</Name>
  <URL></URL>
  <Location>O</Location>
  <Minutes>2</Minutes>
  <BodyPart>C</BodyPart>
  <Skip>sprint</Skip>
</ROUTINE>
<ROUTINE>
  <Name>200 Yard Sprint</Name>
  <URL></URL>
  <Location>O</Location>
  <Minutes>1</Minutes>
  <BodyPart>C</BodyPart>
  <Skip>sprint</Skip>
</ROUTINE>
<ROUTINE>
  <Name>Duck Walk (25 Yards)</Name>
  <URL>http://www.youtube.com/watch?v=A_xEJwwuX6Y</URL>
  <Location>O</Location>
  <Minutes>2</Minutes>
  <BodyPart>L</BodyPart>
  <Skip></Skip>
</ROUTINE>
<ROUTINE>
  <Name>Crab Walk (25 yards)</Name>
  <URL>http://youtu.be/I-3r4cl4ahA?t=12s</URL>
  <Location>O</Location>
  <Minutes>1</Minutes>
  <BodyPart>A</BodyPart>
  <Skip></Skip>
</ROUTINE>
<ROUTINE>
  <Name>Inchworm (25 yards)</Name>
  <URL>http://swim.isport.com/userfiles/image/Fitness_How-to-warm-up_04v5_Inch-Worm_575x250(1).jpg</URL>
  <Location>O</Location>
  <Minutes>1</Minutes>
  <BodyPart>A</BodyPart>
  <Skip></Skip>
</ROUTINE>
<ROUTINE>
  <Name>Sprint (50 yards)</Name>
  <URL></URL>
  <Location>O</Location>
  <Minutes>1</Minutes>
  <BodyPart>A</BodyPart>
  <Skip></Skip>
</ROUTINE>
<ROUTINE>
  <Name>Walking Lunges (50 yards)</Name>
  <URL>http://www.youtube.com/watch?v=L8fvypPrzzs</URL>
  <Location>O</Location>
  <Minutes>3</Minutes>
  <BodyPart>A</BodyPart>
  <Skip></Skip>
</ROUTINE>
<ROUTINE>
  <Name>Backwards Run (50 yards)</Name>
  <URL></URL>
  <Location>O</Location>
  <Minutes>1</Minutes>
  <BodyPart>A</BodyPart>
  <Skip></Skip>
</ROUTINE>
<ROUTINE>
  <Name>Side Shuffle (50 yards)</Name>
  <URL>http://www.youtube.com/watch?v=Xo_IHmqxfEs&amp;t=25s</URL>
  <Location>O</Location>
  <Minutes>1</Minutes>
  <BodyPart>A</BodyPart>
  <Skip></Skip>
</ROUTINE>
</EXERCISES>